bus,H,X_d,Xpr_d,X_q,Xpr_q,Tpr_d,Tpr_q,R_s,D,K_A,T_A,K_E,T_E,K_F,T_F,EF_C,EF_exp
1,23.64,0.146,0.0608,0.0969,0.0969,8.96,0.31,0,0.01254141,20,0.2,1,0.314,0.063,0.35,0.0039,1.555
2,6.4,0.8958,0.1198,0.8645,0.1969,6,0.535,0,0.006790611,20,0.2,1,0.314,0.063,0.35,0.0039,1.555
3,3.01,1.3125,0.1813,1.2578,0.25,5.89,0.6,0,0.003193709,20,0.2,1,0.314,0.063,0.35,0.0039,1.555